{"items":[{"name":"Sterc Internet & Marketing","image":"https:\/\/scontent.xx.fbcdn.net\/v\/t1.0-9\/s720x720\/20258087_1804079499608988_7130147983146859726_n.jpg?oh=1782c4ae655de77cb6a09edb1b7bc09c&oe=5A0AC34E","added":"2017-07-25T09:03:58+0000","content":"Have some bike-fun today @ #Surhuisterveen!\nwww.wielrennensurhuisterveen.nl","link":"https:\/\/www.facebook.com\/sterc.internet.marketing\/photos\/a.306918732658413.92762.133364876680467\/1804079499608988\/?type=3"},{"name":"Sterc Internet & Marketing","image":"https:\/\/scontent.xx.fbcdn.net\/v\/t1.0-9\/s720x720\/20108282_1795888987094706_2515423712126109442_n.jpg?oh=f54b126d7882f1310f1b19492b1bae8b&oe=59F6CF52","added":"2017-07-18T06:32:50+0000","content":"Nog precies een week en dan mogen we deze twee winnaars verwelkomen tijdens de Profronde van Surhuisterveen! Het belooft weer een spektakel te worden!","link":"https:\/\/www.facebook.com\/sterc.internet.marketing\/photos\/a.306918732658413.92762.133364876680467\/1795888987094706\/?type=3"},{"name":"Sterc Internet & Marketing","image":"https:\/\/scontent.xx.fbcdn.net\/v\/t1.0-9\/s720x720\/19990476_1791785997505005_7289849219902715952_n.jpg?oh=decdc20ff2d791a10b4c24ffa2e5edd0&oe=59FC0C85","added":"2017-07-14T21:34:06+0000","content":"CLUSJESMAN\nDe enige offline developer bij Sterc: Halbe. \n\nHalbe is onze clusjesman. Inzetbaar in ons pand en bij collega's thuis in ruil voor overuren. Handig!\n\nHalbe is onlangs 64 geworden en al bijna 2 jaar fulltime in dienst bij Sterc. Twee rechterhanden en altijd goed gehumeurd.","link":"https:\/\/www.facebook.com\/sterc.internet.marketing\/photos\/a.306918732658413.92762.133364876680467\/1791785997505005\/?type=3"},{"name":"Sterc Internet & Marketing","image":"https:\/\/scontent.xx.fbcdn.net\/v\/t15.0-10\/s720x720\/20001822_1786628718020733_8186881653918924800_n.jpg?oh=c75d55ccb6359f3027482a7c12a65d7c&oe=59F0C63A","added":"2017-07-10T14:36:54+0000","content":"We're Sterc, we're strong! Proud of our new website www.sterc.com","link":"https:\/\/www.facebook.com\/sterc.internet.marketing\/videos\/1786627241354214\/"},{"name":"Sterc Internet & Marketing","image":"https:\/\/scontent.xx.fbcdn.net\/v\/t1.0-9\/p720x720\/19894601_1786331188050486_6187493871717746885_n.jpg?oh=97319374638abe6a33f19bb96510f3f9&oe=5A395BA5","added":"2017-07-10T09:10:33+0000","content":"Afgelopen vrijdag vond in M\u00fcnchen een nieuwe MODX Bug Hunt Day plaats en natuurlijk waren enkele van onze programmeurs van de partij. Wie de meeste bugs van allemaal wist te 'pletten'? Oh, gewoon. Onze eigen Jesse Visser.","link":"https:\/\/www.facebook.com\/sterc.internet.marketing\/photos\/a.306918732658413.92762.133364876680467\/1786331188050486\/?type=3"}]}